{
	"controller": {
		"type": "l1",
		"adaptive_controllers": {
			"pitch": {
				"input_trim": [
					[-0.020400000000000],
					[0.000034859000000],
					[-0.020400000000000]
				],
				"output_trim": [
					[-0.009600000000000]
				],
				"input_gain": [
					[0.432623897657296, -3.069112284374556, -3.162000908248524]
				],
				"target_gain": [
					[-3.162277690781023]
				],
				"predictor_gain": [
					[-1.033800000000000],
					[-38.008899999999997],
					[-0.336100000000000]
				],
				"adaptive_gain": [
					[-15.068460043805631],
					[-11.309920647165402],
					[-99.431509092904790]
				],
				"control_law_matrix_a": [
					[0.747910460324683, -0.083391970385317, -0.287771449143700, 0.182977708804847],
					[-0.015382789122404, 0.905288017253303, 0.060295353347410, 0.234363993063759],
					[-0.286248246258019, -0.102313310829525, 0.603639746521179, 0.208164671219345],
					[0.062680975691429, 0.023246448784124, 0.069627635633610, 0.856595887607014]
				],
				"control_law_matrix_b": [
					[0.001997246246091, 0.000363286354825, -0.006609632644596],
					[0.000192018277151, 0.000034699815639, -0.021227058859546],
					[-0.001118363689036, 0.000524567449641, 0.000965923975990],
					[0.000567451063383, -0.000149613118455, 0.028795195046024]
				],
				"control_law_matrix_c": [
					[0.686236990612626, -4.150108169281860, -1.183070482982532, -3.362903471609596]
				],
				"control_law_matrix_d": [
					[0.000000000000000, 0.000000000000000, 0.000000000000000]
				],
				"control_law_state": [
					[0.000000000000000],
					[0.000000000000000],
					[0.000000000000000],
					[0.000000000000000]
				],
				"predictor_matrix_a": [
					[0.970661041677723, -0.013273900733976, -0.022466611112179],
					[-0.125340305985425, 0.304078111546135, -0.695023036922366],
					[-0.001021439481865, -0.000440607566581, 0.989763156489849]
				],
				"predictor_matrix_b": [
					[0.009850145373881, -0.000079849272022, -0.000126299264661],
					[-0.000754866137152, 0.005840614982235, -0.004165238403006],
					[-0.000005222019056, -0.000002657352984, 0.009948267008766]
				],
				"predictor_matrix_c": [
					[0.000000000000000, 0.000000000000000, 1.000000000000000]
				],
				"predictor_matrix_d": [
					[0.000000000000000, 0.000000000000000, 0.000000000000000]
				],
				"predictor_state": [
					[0.000000000000000],
					[0.000000000000000],
					[0.000000000000000]
				]
			}
		},
		"pid_controllers": {
			"climb_angle": {
				"ff": 0,
				"imax": 1,
				"kd": 0,
				"ki": 0.02,
				"kp": 0.4
			},
			"roll": {
				"ff": 0,
				"imax": 1,
				"kd": 0.6,
				"ki": 0.2,
				"kp": 3.2
			},
			"roll_rate": {
				"ff": 0.3,
				"imax": 1,
				"kd": 0,
				"ki": 0.5,
				"kp": 2
			},
			"rudder": {
				"ff": 0,
				"imax": 1,
				"kd": 0,
				"ki": 0.5,
				"kp": 3
			},
			"velocity": {
				"ff": 0,
				"imax": 10,
				"kd": 0,
				"ki": 0.2,
				"kp": 1
			}
		},
		"controller_saturations": {
			"roll": {
				"hard": 45.0,
				"soft": 30.0
			},
			"roll_rate": {
				"hard": 100.0,
				"soft": 30.0
			},
			"pitch": {
				"hard": 45.0,
				"soft": 10.0
			},
			"roll_output": {
				"hard": 1.0,
				"soft": 1.0
			},
			"pitch_output": {
				"hard": 1.0,
				"soft": 1.0
			},
			"yaw_output": {
				"hard": 1.0,
				"soft": 1.0
			},
			"throttle_output": {
				"hard": 1.0,
				"soft": 1.0
			}
		}
	},
	"local_planner": {
		"type": "maneuver",
		"period": 0,
		"safety_velocity": 15,
		"k_altitude": 1.0,
		"k_convergence": 0.002,
		"k_yaw_rate": 1.0
	},
	"fc_data_handling": {
		"compress_sensor_data": true,
		"period": 100
	},
	"data_presentation": {
		"compress_double": true
	}
}