{
	"controller": {
		"type": "l1",
		"adaptive_controllers": {
			"roll": {
				"input_trim": [
					[0.000203480000000],
					[0.010600000000000],
					[0.001200000000000],
					[0.008500000000000]
				],
				"output_trim": [
					[0.002900000000000],
					[0.002900000000000]
				],
				"input_gain": [
					[0.279740205018204, 0.663738572415470, 0.044096154564703, 1.071722099441448],
					[0.198492534538075, -0.056080592283212, 0.920754148433573, -0.177489240795357]
				],
				"target_gain": [
					[1.014680156623391, 0.083627676114328],
					[-0.017316897791566, 1.577530306643633]
				],
				"predictor_gain": [
					[-0.361500000000000, 0.164800000000000],
					[108.930400000000006, -10.725600000000000],
					[1.920400000000000, 12.544800000000000],
					[21.188600000000001, -1.542800000000000]
				],
				"adaptive_gain": [
					[-0.789456268597669, -99.795741487819498],
					[-241.831772315928987, -26.689688518851185],
					[-12.342582971508712, 27.635357048948642],
					[-59.317705830635170, 4.095227726779702]
				],
				"control_law_matrix_a": [
					[0.894217759181998, 0.229342989200095, -0.004296988451152, -0.131934104739218, -0.023131259342423, 0.053724108648799, -0.049523629601316, -0.066640784499687, 0.104410070409767, -0.132089557551598, -0.028211203049150, 0.128465845752878, -0.126863739666795, 0.009456236368796, -0.013754572530843, 0.025685293336568, 0.088746065071472, 0.021188784954693, -0.098405194050668, 0.098502286574551, -0.070967260412205, 0.098138355105884],
					[0.096440267540493, 0.524043768280131, -0.105073310160544, 0.151693895248916, -0.000053450374898, -0.324343750419724, 0.222635753787479, -0.193364103230301, -0.096544181149783, -0.051345526535620, 0.061874730662840, -0.191956934256218, 0.333825724237827, 0.108056607227933, 0.007709229957165, -0.158968289219332, -0.151761344550102, 0.051501770157186, 0.160543164468814, -0.107950494769268, 0.372529771543471, -0.088944340893190],
					[-0.057100568367323, -0.158472377871322, 0.475824332056459, -0.248752092591364, 0.009049300036857, -0.135430359320098, -0.049560218955568, -0.185519511048080, 0.245775262935282, -0.436349765840872, -0.047833537747082, -0.047454842715851, 0.016027836356558, 0.128487298318655, -0.004467217743655, 0.027316264062542, -0.028646532109530, -0.190203845763945, 0.105613377709565, 0.002254550997824, -0.041371690286973, -0.047362082728530],
					[-0.142703951231317, 0.157438367524617, -0.192630893218791, 0.623002190949540, -0.110787391234835, -0.081306603599451, 0.017148926504684, -0.175965962167617, 0.189958088131415, -0.273590801985199, -0.025874983288236, 0.229124358017642, -0.112003787751304, -0.141026787172065, 0.101801884610303, 0.081047723097387, 0.100861484520672, -0.127314307443517, -0.058935175212814, 0.119002598155112, -0.187022600371941, -0.000240805404932],
					[0.021560015401092, -0.012923341831506, -0.025845453480961, 0.040706928493427, 0.985808085926951, -0.026428930442202, 0.041799366487218, -0.146696923898151, 0.050429587704452, 0.062248443560272, 0.029066981175945, 0.011315478544225, 0.040794674697000, -0.036935437693724, 0.119690759350884, 0.055090616011334, -0.016353222765086, 0.010753266706092, 0.040142128254158, -0.011226125549033, 0.019374298038967, -0.005608863382572],
					[0.041400130142458, -0.027470054092295, -0.029346545797891, -0.004024644764181, -0.017058775241888, 0.879906464800183, 0.024616570118345, -0.068011414138248, 0.020431032099768, -0.171724553842201, -0.012874755522111, 0.071032468362428, 0.019100301185742, -0.040786433220394, 0.257361470755400, 0.102976144481512, -0.007410375126317, 0.016344203676430, 0.153377991074331, 0.054281200942808, 0.148397092757692, -0.086903131384962],
					[0.000344051010815, -0.000228287146600, -0.000243732537202, -0.000035275295224, -0.000300686007221, 0.037709422770282, 0.917232662935099, 0.052928044176532, 0.060912922689213, -0.013585394799589, -0.026475352268289, -0.023852495268173, -0.065270073478002, 0.091380407536860, -0.161932548042428, -0.047421301495981, 0.018425167095332, -0.220932320827886, -0.043009118771450, 0.032154283964529, -0.091363297838239, 0.023113195393364],
					[-0.046530285082210, 0.030868339160969, 0.033042096885533, 0.004183100810743, 0.004780065020034, 0.016008161265434, 0.032530004845990, 0.510096193780750, 0.273971974811384, -0.057054007238969, 0.018911908738912, -0.004542822166492, -0.040226191535846, 0.235612466473555, 0.260048722882578, 0.091110079374323, 0.003194603165314, 0.193803367431677, 0.210849492519444, 0.120461064560193, 0.406410010813577, 0.032460141566805],
					[0.028563884693803, -0.018949374559095, -0.020283788516702, -0.002567955701416, -0.002938004581670, -0.009041414344329, 0.018191077164499, 0.272865932511896, 0.778007732197112, 0.215817684532909, 0.029776663108655, -0.058786309755442, 0.104664636715155, -0.190785792557540, -0.063921635997446, -0.038732153076877, -0.066248790167543, 0.059882428257690, -0.093778181012567, -0.183547623356437, -0.172046867770617, -0.022960189207552],
					[-0.026378948003683, 0.017499877950943, 0.018732220409891, 0.002371519623157, 0.002712713344977, 0.008502457224802, -0.006597053305388, 0.010270994373916, -0.015885854846653, 0.407410775352212, -0.095909329126656, 0.200224573360657, -0.211592890713996, 0.131326901324919, 0.041639784126957, -0.015524818031422, 0.213026519158424, -0.001076800753987, 0.139788364553507, 0.454140539539792, 0.309464646060377, -0.152954344906637],
					[-0.019988748401816, 0.013260599274076, 0.014194411457569, 0.001797028016332, 0.002055566472013, 0.006443599457283, -0.004925073035868, 0.010705470312036, 0.001269356501901, -0.071004024429764, 0.968667927509391, 0.033826374893199, -0.030539889515546, 0.040402073044449, -0.088761489269274, -0.029485451326142, 0.040133895473289, 0.000709281844611, -0.017850029983536, 0.060611726903085, 0.005089761765535, -0.027376943726222],
					[-0.016052821582635, 0.010649493418862, 0.011399431047670, 0.001443180310342, 0.001650810907841, 0.005174791764620, -0.003957258044447, 0.008488500773607, 0.000283822359445, -0.007533610393953, 0.004166503974320, 0.922317575342441, 0.049265692544231, 0.100309292192238, -0.210437454152981, -0.131116915461180, -0.034212331810083, -0.149542716251030, -0.008253794729501, -0.015934255320020, 0.027626174879092, -0.017035967110297],
					[-0.010169417512467, 0.006746426213962, 0.007221508601627, 0.000914250396740, 0.001045784346206, 0.003278216747636, -0.002506914485566, 0.005377281388808, 0.000178369805880, -0.004622408782349, -0.001441817295439, 0.017805385134424, 0.969305919649485, 0.022517710838521, -0.076859902677648, -0.050135362648735, 0.036502483776558, -0.044095452911337, -0.056425337685741, 0.042820979205667, -0.017506693658965, 0.046407827556244],
					[0.018969346391786, -0.012584327695453, -0.013470515049441, -0.001705381298830, -0.001950735499739, -0.006114964241818, 0.004676229202020, -0.010030416347550, -0.000332701466130, 0.008619824461553, 0.002786060928530, -0.005482306793336, 0.018246065600038, 0.756121594931979, 0.236508929629523, 0.157405613971688, -0.057959181105878, 0.210217789258965, 0.043526868213861, -0.225424079583102, -0.281380644728907, -0.109271381020380],
					[-0.075747538301024, 0.050251153161078, 0.053789845145558, 0.006809854282026, 0.007789586860283, 0.024417993561041, -0.018672904549745, 0.040052999282262, 0.001328529038719, -0.034420306490572, -0.011124345949596, 0.022242203674535, -0.028700712166149, 0.176142428918968, 0.607367177385692, -0.189781652094854, 0.074919403514058, -0.037660688454291, -0.278023560639553, 0.072811104398739, -0.060070587116345, 0.146828149610141],
