{
	"controller": {
		"type": "l1",
		"adaptive_controllers": {
			"roll": {
				"input_trim": [
					[0.000000000000000]
				],
				"output_trim": [
					[0.000000000000000]
				],
				"input_gain": [
					[0.000000000000000]
				],
				"target_gain": [
					[0.004067948439151]
				],
				"predictor_gain": [
					[16.000000000000000]
				],
				"adaptive_gain": [
					[-6.476228154351288]
				],
				"control_law_matrix_a": [
					[0.960594699840620, -0.019603973466135],
					[0.019603973466135, 0.999802646772890]
				],
				"control_law_matrix_b": [
					[0.004900993366534],
					[0.000049338306777]
				],
				"control_law_matrix_c": [
					[0.000000000000000, 0.252512541771042]
				],
				"control_law_matrix_d": [
					[0.000000000000000]
				],
				"control_law_state": [
					[0.000000000000000],
					[0.000000000000000]
				],
				"predictor_matrix_a": [
					[0.990049833749168]
				],
				"predictor_matrix_b": [
					[0.009950166250832]
				],
				"predictor_matrix_c": [
					[15.364009877430236]
				],
				"predictor_matrix_d": [
					[0.000000000000000]
				],
				"predictor_state": [
					[0.000000000000000]
				]
			},
			"pitch": {
				"input_trim": [
					[0.000000000000000]
				],
				"output_trim": [
					[0.000000000000000]
				],
				"input_gain": [
					[0.000000000000000]
				],
				"target_gain": [
					[0.198692517029106]
				],
				"predictor_gain": [
					[2.000000000000000]
				],
				"adaptive_gain": [
					[-99.147698459166946]
				],
				"control_law_matrix_a": [
					[0.960594699840620, -0.019603973466135],
					[0.019603973466135, 0.999802646772890]
				],
				"control_law_matrix_b": [
					[0.009801986733068],
					[0.000098676613555]
				],
				"control_law_matrix_c": [
					[0.000000000000000, 1.004008010677342]
				],
				"control_law_matrix_d": [
					[0.000000000000000]
				],
				"control_law_state": [
					[0.000000000000000],
					[0.000000000000000]
				],
				"predictor_matrix_a": [
					[0.996007989343991]
				],
				"predictor_matrix_b": [
					[0.009980026640021]
				],
				"predictor_matrix_c": [
					[1.006580433880670]
				],
				"predictor_matrix_d": [
					[0.000000000000000]
				],
				"predictor_state": [
					[0.000000000000000]
				]
			},
			"yaw": {
				"input_trim": [
					[0.000000000000000]
				],
				"output_trim": [
					[0.000000000000000]
				],
				"input_gain": [
					[0.000000000000000]
				],
				"target_gain": [
					[0.198692517029106]
				],
				"predictor_gain": [
					[2.000000000000000]
				],
				"adaptive_gain": [
					[-39.540142042435463]
				],
				"control_law_matrix_a": [
					[0.814353676232364, -0.113104677254495],
					[0.072386993442877, 0.995321159839555]
				],
				"control_law_matrix_b": [
					[0.018096748360719],
					[0.000748614425671]
				],
				"control_law_matrix_c": [
					[0.000000000000000, 3.156406772138025]
				],
				"control_law_matrix_d": [
					[0.000000000000000]
				],
				"control_law_state": [
					[0.000000000000000],
					[0.000000000000000]
				],
				"predictor_matrix_a": [
					[0.990049833749168]
				],
				"predictor_matrix_b": [
					[0.009950166250832]
				],
				"predictor_matrix_c": [
					[2.516451084701674]
				],
				"predictor_matrix_d": [
					[0.000000000000000]
				],
				"predictor_state": [
					[0.000000000000000]
				]
			}
		},
		"pid_controllers": {
			"climb_angle": {
				"ff": 0,
				"imax": 1,
				"kd": 0,
				"ki": 0.02,
				"kp": 0.4
			},
			"roll": {
				"ff": 0,
				"imax": 1,
				"kd": 0.6,
				"ki": 0.2,
				"kp": 3.2
			},
			"roll_rate": {
				"ff": 0.3,
				"imax": 1,
				"kd": 0,
				"ki": 0.5,
				"kp": 2
			},
			"rudder": {
				"ff": 0,
				"imax": 1,
				"kd": 0,
				"ki": 0.5,
				"kp": 3
			},
			"velocity": {
				"ff": 0,
				"imax": 10,
				"kd": 0,
				"ki": 0.2,
				"kp": 1
			}
		},
		"controller_deflections": {
			"roll": 15.0,
			"pitch": 15.0,
			"yaw": 15.0,
			"throttle": 1.0
		},
		"controller_saturations": {
			"roll": {
				"hard": 45.0,
				"soft": 30.0
			},
			"pitch": {
				"hard": 45.0,
				"soft": 10.0
			},
			"roll_output": {
				"hard": 1.0,
				"soft": 1.0
			},
			"pitch_output": {
				"hard": 1.0,
				"soft": 1.0
			},
			"yaw_output": {
				"hard": 1.0,
				"soft": 1.0
			},
			"throttle_output": {
				"hard": 1.0,
				"soft": 1.0
			}
		}
	},
	"local_planner": {
		"type": "maneuver",
		"period": 0,
		"safety_velocity": 15,
		"k_altitude": 1.0,
		"k_convergence": 0.002,
		"k_yaw_rate": 1.0
	},
	"fc_data_handling": {
		"compress_sensor_data": true,
		"period": 100
	},
	"data_presentation": {
		"compress_double": true
	}
}